time;เวลา;;basic, time
day;วัน;;basic, time
week;สัปดาห์;;basic, time
month;เดือน;;basic, time
year;ปี;;basic, time
hour;ชั่วโมง;;basic, time
minute;นาที;;basic, time
Monday;วันจันทร์;;basic, time
Tuesday;วันอังคาร;;basic, time
Wednesday;วันพุธ;;basic, time
Thursday;วันพฤหัสบดี;;basic, time
Friday;วันศุกร์;;basic, time
Saturday;วันเสาร์;;basic, time
Sunday;วันอาทิตย์;;basic, time
morning;ตอนเช้า;;basic, time
afternoon;ตอนบ่าย;;basic, time
evening;ตอนเย็น;;basic, time
night;ตอนกลางคืน;;basic, time
yesterday;เมื่อวาน;;basic, time
today;วันนี้;;basic, time
tomorrow;พรุ่งนี้;;basic, time
now;ตอนนี้;;basic, time
earlier;ก่อนหน้านี้;;basic, time
later;ทีหลัง;;basic, time
punctual;ตรงเวลา;;basic, time
delayed;ล่าช้า;;basic, time
