house;บ้าน;;basic, surrounding
apartment;อพาร์ตเมนต์;;basic, surrounding
hotel;โรงแรม;;basic, surrounding
museum;พิพิธภัณฑ์;;basic, surrounding
toilet;ห้องน้ำ;;basic, surrounding
bank;ธนาคาร;;basic, surrounding
city;เมือง;;basic, surrounding
beach;ชายหาด;;basic, surrounding
forest;ป่า;;basic, surrounding
mountain;ภูเขา;;basic, surrounding
park;สวนสาธารณะ;;basic, surrounding
river;แม่น้ำ;;basic, surrounding
sea;ทะเล;;basic, surrounding
lake;ทะเลสาบ;;basic, surrounding
weather;อากาศ;;basic, surrounding
sun;ดวงอาทิตย์;;basic, surrounding
rain;ฝน;;basic, surrounding
snow;หิมะ;;basic, surrounding
thunderstorm;พายุฝนฟ้าคะนอง;;basic, surrounding
