work;ทำงาน;;basic, verb
visit;ไปเยี่ยม;;basic, verb
stay;พัก;;basic, verb
need;ต้องการ;;basic, verb
eat;กิน;;basic, verb
ask;ถาม;;basic, verb
give;ให้;;basic, verb
go;ไป;;basic, verb
have;มี;;basic, verb
help;ช่วย;;basic, verb
buy;ซื้อ;;basic, verb, shopping
come;มา;;basic, verb
can;สามารถ;;basic, verb
learn;เรียน;;basic, verb
make;ทำ;;basic, verb
take;เอา;;basic, verb
say;พูด;;basic, verb
sleep;นอน;;basic, verb
write;เขียน;;basic, verb
see;เห็น;;basic, verb
be;เป็น;;basic, verb
speak;พูดคุย;;basic, verb
search;หา;;basic, verb
call;โทร;;basic, verb
drink;ดื่ม;;basic, verb
understand;เข้าใจ;;basic, verb
wait;รอ;;basic, verb
know;รู้;;basic, verb
want;อยาก;;basic, verb
pay;จ่าย;;basic, verb
