good;ดี;;basic, adjective
bad;แย่;;basic, adjective
new;ใหม่;;basic, adjective
old;เก่า;;basic, adjective
young;หนุ่ม;;basic, adjective
big;ใหญ่;;basic, adjective
small;เล็ก;;basic, adjective
beautiful;สวย;;basic, adjective
cheap;ถูก;;basic, adjective
expensive;แพง;;basic, adjective
hot;ร้อน;;basic, adjective
cold;เย็น;;basic, adjective
dark;มืด;;basic, adjective
bright;สว่าง;;basic, adjective
open;เปิด;;basic, adjective
closed;ปิด;;basic, adjective
near;ใกล้;;basic, adjective
far;ไกล;;basic, adjective
together;ด้วยกัน;;basic, adjective
separate;แยกกัน;;basic, adjective
important;สำคัญ;;basic, adjective
tired;เหนื่อย;;basic, adjective
