food;อาหาร;;basic, food
breakfast;อาหารเช้า;;basic, food
restaurant;ร้านอาหาร;;basic, food
café;ร้านกาแฟ;;basic, food
bar;บาร์;;basic, food
menu;เมนู;;basic, food
starter;อาหารเรียกน้ำย่อย;;basic, food
course;อาหารจานหลัก;;basic, food
dessert;ของหวาน;;basic, food
bill;บิล;;basic, food
vegetarian;มังสวิรัติ;;basic, food
vegan;วีแกน;;basic, food
glutenfree;ปลอดกลูเตน;;basic, food
spicy;เผ็ด;;basic, food
fish;ปลา;;basic, food
meat;เนื้อ;;basic, food
pork;หมู;;basic, food
salad;สลัด;;basic, food
milk;นม;;basic, food
cheese;ชีส;;basic, food
bread;ขนมปัง;;basic, food
fruits;ผลไม้;;basic, food
vegetables;ผัก;;basic, food
nuts;ถั่ว;;basic, food
coffee;กาแฟ;;basic, food
tea;ชา;;basic, food
water;น้ำ;;basic, food
wine;ไวน์;;basic, food
beer;เบียร์;;basic, food
beverage;ไม่มีแอลกอฮอล์;;basic, food
cheers;ไชโย;;basic, food
