doctor;หมอ;;basic, health
hospital;โรงพยาบาล;;basic, health
pharmacy;ร้านขายยา;;basic, health
painkiller;ยาแก้ปวด;;basic, health
medicine;ยา;;basic, health
emergency;เหตุฉุกเฉิน;;basic, health
allergy;โรคภูมิแพ้;;basic, health
insurance;ประกัน;;basic, health
pain;ความเจ็บปวด;;basic, health, body
back;หลัง;;basic, health, body
foot;เท้า;;basic, health, body
stomach;ท้อง;;basic, health, body
leg;ขา;;basic, health, body
head;หัว;;basic, health, body
hand;มือ;;basic, health, body
arm;แขน;;basic, health, body
tooth;ฟัน;;basic, health, body
