firstname;ชื่อ;;basic, personal-information
lastname;นามสกุล;;basic, personal-information
address;ที่อยู่;;basic, personal-information
phone;เบอร์โทรศัพท์;;basic, personal-information
country;ประเทศ;;basic, personal-information
birthplace;สถานที่เกิด;;basic, personal-information
birthday;วันเกิด;;basic, personal-information
passport;หนังสือเดินทาง;;basic, personal-information
job;อาชีพ;;basic, personal-information
man;ผู้ชาย;;basic, personal-information
woman;ผู้หญิง;;basic, personal-information
adult;ผู้ใหญ่;;basic, personal-information
child;เด็ก;;basic, personal-information
